CRIM,ZN,INDUS,CHAS,NOX,RM,AGE,DIS,RAD,TAX,PTRATIO,B,LSTAT,MEDV
-0.50871749394439,-0.44893912201911634,-0.5766423464238822,0.0,-0.6733067889218495,0.6031204399674045,0.476247373222977,0.5442820707802396,-0.746349562386401,-0.859834086883964,-0.5878488387881557,0.7010926164086494,-0.5347199351477218,0.05552730312418371
-0.5087277133078959,-0.44893912201911634,-0.5766423464238822,0.0,-0.6733067889218495,2.387556546611608,-0.18927404612344717,0.5442820707802396,-0.746349562386401,-0.859834086883964,-0.5878488387881557,0.34518531498641275,-1.4756016732771084,2.793522468972279
-0.5061319949773987,-0.44893912201911634,-1.3408570257874186,0.0,-0.786646579233083,1.9507901173675437,-0.7613233560111039,1.1625280083813891,-0.5977450432782618,-1.001045310516591,-0.06942419558631589,0.502589035517133,-1.6762985606667433,2.521813025033154
-0.4873896823075881,-0.44893912201911634,-1.3408570257874186,0.0,-0.786646579233083,2.2988018711502485,-0.4472570682296452,1.1625280083813891,-0.5977450432782618,-1.001045310516591,-0.06942419558631589,0.7010926164086494,-1.2362384130876365,3.107033365825114
-0.5074196347791414,-0.44893912201911634,-1.3408570257874186,0.0,-0.786646579233083,0.6241412841556203,-0.27900727120386387,1.1625280083813891,-0.5977450432782618,-1.001045310516591,-0.06942419558631589,0.45799131470009663,-1.2583334832589725,1.539478881560937
-0.4775586546149176,0.9992515941715816,-0.45161745000448983,0.0,-0.1066078373656792,-0.3521601459193509,0.016364594685840884,0.8792899598976922,-0.30053600506198325,-0.3726553653514009,-2.0855200302601404,0.5874121515809118,0.07105323871640383,0.3272367470633071
-0.4488115850728363,0.9992515941715816,-0.45161745000448983,0.0,-0.1066078373656792,0.02154375076006412,1.1193354862992964,1.0994670356573928,-0.30053600506198325,-0.3726553653514009,-2.0855200302601404,0.7010926164086494,1.3083771683112138,1.2050672582512465
-0.41473511746243097,0.9992515941715816,-0.45161745000448983,0.0,-0.1066078373656792,-1.2420425498872056,1.265151977054974,1.173762684811179,-0.30053600506198325,-0.3726553653514009,-2.0855200302601404,-0.19698305573050778,3.2932509720362217,-1.0104097461754566
-0.43578700628457373,0.9992515941715816,-0.45161745000448983,0.0,-0.1066078373656792,-0.37084534075332165,0.7379692797075258,1.4616865531123266,-0.30053600506198325,-0.3726553653514009,-2.0855200302601404,-0.18998733481803276,0.9309197195508927,-0.5087923112109204
-0.40776040186965795,0.9992515941715816,-0.45161745000448983,0.0,-0.1066078373656792,0.5003518683805643,1.052035567488984,1.3231443623650687,-0.30053600506198325,-0.3726553653514009,-2.0855200302601404,0.3180768964505665,1.547740428500686,-1.323920643028292
-0.4626486032598175,0.9992515941715816,-0.45161745000448983,0.0,-0.1066078373656792,-0.3591670939820881,0.6258027483570049,1.2553975698236222,-0.30053600506198325,-0.3726553653514009,-2.0855200302601404,0.7010926164086494,0.22571872991575506,-0.5087923112109204
-0.47475343933254954,0.9992515941715816,-0.45161745000448983,0.0,-0.1066078373656792,-0.6394450164916494,-1.0155674937389512,0.8174145560431709,-0.30053600506198325,-0.3726553653514009,-2.0855200302601404,0.1414349434105388,0.6749851567329185,0.07642802958103895
-0.20088471673808203,-0.44893912201911634,-0.40942154746294485,0.0,0.03764280484861869,-0.4993060552368698,-0.16310185547499245,0.3977231762489101,-0.4491405241701225,-0.40089761007792635,1.2554387814850552,0.7010926164086494,-0.6967504497375185,-0.19528141435808513
-0.19669477770066526,-0.44893912201911634,-0.40942154746294485,0.0,0.03764280484861869,-0.15596560016265698,0.6856248984106158,0.25906807418075,-0.4491405241701225,-0.40089761007792635,1.2554387814850552,-0.7750044961238721,-0.3284992802152536,-0.6550973964089101
-0.20209571131353052,-0.44893912201911634,-0.40942154746294485,0.0,0.03764280484861869,-0.7679057309751995,-0.36126272752757926,0.27978730156634224,-0.4491405241701225,-0.40089761007792635,1.2554387814850552,0.5891610818090293,-0.6580840769376806,-0.29978504664236355
0.01585265417668216,-0.44893912201911634,-0.40942154746294485,0.0,0.03764280484861869,-0.5320051461963191,-1.378239278438969,0.27978730156634224,-0.4491405241701225,-0.40089761007792635,1.2554387814850552,-0.17774482322119528,-1.006081432136221,0.36903819997701903
-0.12197079174556444,-0.44893912201911634,-0.40942154746294485,0.0,0.03764280484861869,-0.40354443171276894,0.5809361358167965,0.14389852686029123,-0.4491405241701225,-0.40089761007792635,1.2554387814850552,-0.18648947436179278,0.48349454858134056,-0.8014024816068998
-0.15181133318277648,-0.44893912201911634,-0.40942154746294485,0.0,0.03764280484861869,-1.0178202118795565,0.12479224165801131,-0.11658789046157042,-0.4491405241701225,-0.40089761007792635,1.2554387814850552,0.1807858735432176,-0.14069118375889855,-0.6550973964089101
0.11695281734049671,-0.44893912201911634,-0.40942154746294485,0.0,0.03764280484861869,-1.3845171604962323,1.1941131738663104,-0.11579751121525364,-0.4491405241701225,-0.40089761007792635,1.2554387814850552,-1.0766949604744163,1.6526920118145316,-1.6165308134242717
-0.08730671073357019,-0.44893912201911634,-0.40942154746294485,0.0,0.03764280484861869,-0.4619356655689283,0.8613524641930987,0.005243424792130601,-0.4491405241701225,-0.40089761007792635,1.2554387814850552,0.3189513615646253,0.3288290573819893,-0.36248722601293004
0.1070809121938026,-0.44893912201911634,-0.40942154746294485,0.0,0.03764280484861869,-0.04852572986732464,0.9548245736518661,-0.0147418790075959,-0.4491405241701225,-0.40089761007792635,1.2554387814850552,0.7010926164086494,1.2292031668639267,-1.2821191901145808
-0.01761576130512243,-0.44893912201911634,-0.40942154746294485,0.0,0.03764280484861869,-0.8169543674143726,1.265151977054974,0.05204516730618008,-0.4491405241701225,-0.40089761007792635,1.2554387814850552,0.49471884949059913,1.4427888451868405,-1.4284242753125704
-0.13931305161506743,-0.44893912201911634,-0.40942154746294485,0.0,0.03764280484861869,-0.5576972890930271,1.0445577987322825,0.2238961977196493,-0.4491405241701225,-0.40089761007792635,1.2554387814850552,0.4763550820953454,0.7836192517419867,-1.198516284287158
-0.17934740814940928,-0.44893912201911634,-0.40942154746294485,0.0,0.03764280484861869,-0.8169543674143726,0.9024801923549561,0.38332698283385325,-0.4491405241701225,-0.40089761007792635,1.2554387814850552,-1.04958654193857,0.5092721304478992,-0.9895090197186006
-0.12769874499061837,-0.44893912201911634,-0.40942154746294485,0.0,0.03764280484861869,0.7759584921816335,1.055774451867335,0.25500326662826317,-0.4491405241701225,-0.40089761007792635,1.2554387814850552,-0.08242812578870641,0.13917970507802302,-0.6132959434951989
-0.010451987487490348,-0.44893912201911634,-0.40942154746294485,0.0,0.03764280484861869,1.1940397265917293,0.7903136610044352,0.1332284070350132,-0.4491405241701225,-0.40089761007792635,1.2554387814850552,-0.7566407287286183,-0.011803274426105652,-0.0698770556169507
0.055135887493340766,-0.44893912201911634,-0.40942154746294485,0.0,0.03764280484861869,-1.0505193028390059,1.0445577987322825,0.12984106740794077,-0.4491405241701225,-0.40089761007792635,1.2554387814850552,-2.5108177475320774,1.9436104357371211,-1.8046373515359728
0.1695467716235829,-0.44893912201911634,-0.40942154746294485,0.0,0.03764280484861869,-0.21202118466456923,1.265151977054974,0.09709678434624175,-0.4491405241701225,-0.40089761007792635,1.2554387814850552,-1.062703518649461,0.1833698454206945,-1.4284242753125704
0.06582023203875349,-0.44893912201911634,-0.40942154746294485,0.0,0.03764280484861869,-1.0785470950899632,1.078207758137439,-0.12183826688353257,-0.4491405241701225,-0.40089761007792635,1.2554387814850552,-2.633242863500418,1.1610767005023084,-1.72103444570855
-0.48988320700302634,-0.44893912201911634,-0.7501143902057893,0.0,-0.3641982698912111,-0.5366764449048113,0.07618674473945235,-0.36284748134972816,-0.30053600506198325,-0.5985933231636041,0.21858949508137335,0.7010926164086494,-0.4352921193767104,-0.5087923112109204
-0.4728832958109709,-0.44893912201911634,-0.7501143902057893,0.0,-0.3641982698912111,-0.7515561854954739,-0.17805739298839518,-0.3529112851103161,-0.30053600506198325,-0.5985933231636041,0.21858949508137335,-0.9901229141825199,-0.1167548577399512,-0.2788843201855076
-0.4817230452435696,-0.44893912201911634,-0.7501143902057893,0.0,-0.3641982698912111,-0.7305353413072581,-0.9220953842801838,-0.038848446020260566,-0.30053600506198325,-0.5985933231636041,0.21858949508137335,0.7010926164086494,-0.602846401509341,-0.0698770556169507
-0.4332270557263471,-0.44893912201911634,-0.7501143902057893,0.0,-0.3641982698912111,-0.45960001621468116,-1.3445893190338125,-0.087908414952358,-0.30053600506198325,-0.5985933231636041,0.21858949508137335,0.3976532218299878,-0.3524356062342006,0.7034498232867096
-0.45755425055212906,-0.44893912201911634,-0.6016473257077607,0.0,-0.8896827522432957,1.4182620645993762,-2.365304754323553,0.9698448392614256,-0.5977450432782618,-0.9233791375186462,-0.5302461006546191,-0.3036677996457704,-1.3264599496205915,1.100563625966968
-0.4503700380074852,-0.44893912201911634,-0.6016473257077607,0.0,-0.8896827522432957,0.014536802697324828,-2.226966032324577,0.9698448392614256,-0.5977450432782618,-0.9233791375186462,-0.5302461006546191,-0.48205868291392057,-1.147858132402293,0.828854182027844
-0.4412441463967214,-0.44893912201911634,-0.6016473257077607,0.0,-0.8896827522432957,0.11263407557567283,-2.2307049167029276,0.9698448392614256,-0.5977450432782618,-0.9233791375186462,-0.5302461006546191,0.48772312857811917,-0.847733429241647,0.7034498232867096
-0.459981349384779,-0.44893912201911634,-0.6016473257077607,0.0,-0.8896827522432957,-0.21902813272730853,-0.9781786499554442,0.9698448392614256,-0.5977450432782618,-0.9233791375186462,-0.5302461006546191,0.04436931574992747,-0.4592284453956575,-0.028075602703239482
-0.435081870202667,-0.44893912201911634,-0.6016473257077607,0.0,-0.8896827522432957,-1.1229244328206418,-1.2099894814131875,0.619537466161696,-0.5977450432782618,-0.9233791375186462,-0.5302461006546191,0.7010926164086494,-0.33770555945331004,-0.42518940538349725
-0.42642606931317434,-0.44893912201911634,-0.6016473257077607,0.0,-0.8896827522432957,-0.8800168999790241,-1.228683903304941,0.619537466161696,-0.5977450432782618,-0.9233791375186462,-0.5302461006546191,0.7010926164086494,0.38774924450555176,-0.2788843201855076
-0.4055223612618671,-0.44893912201911634,-0.6016473257077607,0.0,-0.8896827522432957,-0.31011845754291517,0.7230137421941228,0.9520613062192957,-0.5977450432782618,-0.9233791375186462,-0.5302461006546191,0.33731512895987903,1.2439332136448178,-0.9895090197186006
-0.3929525441496168,-0.44893912201911634,-0.6016473257077607,0.0,-0.8896827522432957,-1.7839132000723574,1.089424411272491,1.0540202289941727,-0.5977450432782618,-0.9233791375186462,-0.5302461006546191,0.7010926164086494,3.455281486626018,-1.449325001769426
-0.41037655892716696,-0.44893912201911634,-0.6016473257077607,0.0,-0.8896827522432957,-1.3097763811603493,-0.15562408671829095,1.1769242017964465,-0.5977450432782618,-0.9233791375186462,-0.5302461006546191,0.7010926164086494,0.7652066932658731,-0.404288678926642
-0.47733382861778795,1.984021281181256,-0.8001243487735463,0.0,-0.9824153079524872,-0.46660696427742043,-0.7650622403894545,1.5873568532767097,-0.4491405241701225,-0.8527735257023327,-1.1638762201235342,0.5839142911246717,0.25886133517275883,-0.3415864995560748
-0.5005113450491567,1.984021281181256,-0.8001243487735463,0.0,-0.9824153079524872,-0.11158826243197618,-0.11823524293478399,1.5873568532767097,-0.4491405241701225,-0.8527735257023327,-1.1638762201235342,0.44487433798920534,-0.48132351556699354,-0.17438068790122915
-0.49528414061589165,1.984021281181256,-0.8001243487735463,0.0,-0.9824153079524872,0.813328881849575,-1.684827797463726,1.5873568532767097,-0.4491405241701225,-0.8527735257023327,-1.1638762201235342,0.7010926164086494,-1.2454446923256932,0.7661520026572768
-0.49722071000025864,1.984021281181256,-0.8001243487735463,0.0,-0.9824153079524872,-0.38485923687879814,-1.6736111443286739,1.5873568532767097,-0.4491405241701225,-0.8527735257023327,-1.1638762201235342,0.7010926164086494,-0.665449100328126,0.43174037934758547
-0.4437530001374185,2.4474423103622795,-0.8798277202409089,0.0,-0.8381646657381894,-0.04151878180458742,-1.3819781628173193,2.1519699134492143,0.1452775522624346,-0.5632905172554473,0.5066031857490626,0.15717531546361133,-0.9545262684031038,0.41083965289073027
-0.4698992416672496,2.4474423103622795,-0.8798277202409089,0.0,-0.8381646657381894,-0.5506903410302899,-0.708978974714194,1.6535793429859738,0.1452775522624346,-0.5632905172554473,0.5066031857490626,0.7010926164086494,-0.5199898883668312,-0.36248722601293004
-0.4463742668766804,2.4474423103622795,-0.8798277202409089,0.0,-0.8381646657381894,-0.9851211209201093,0.0014090571724384164,1.8192202507498099,0.1452775522624346,-0.5632905172554473,0.5066031857490626,0.544563360991993,0.20362365974441932,-0.5505937641246317
-0.43493368943183147,2.4474423103622795,-0.8798277202409089,0.0,-0.8381646657381894,-0.45960001621468116,1.018385608083828,1.5895021683738555,0.1452775522624346,-0.5632905172554473,0.5066031857490626,-0.9446507282514248,0.44114566408628003,-1.1149133784597351
-0.46632757412193954,2.4474423103622795,-0.8798277202409089,0.0,-0.8381646657381894,0.6848681673660268,0.061231207226049356,1.8192767064102613,0.1452775522624346,-0.5632905172554473,0.5066031857490626,0.7010926164086494,-0.9784625944220511,0.1809316618653174
-0.45803456063690606,2.4474423103622795,-0.8798277202409089,0.0,-0.8381646657381894,1.3995768697654054,-0.8510565810915206,2.2457427654586666,0.1452775522624346,-0.5632905172554473,0.5066031857490626,0.5856632213527893,-0.4684347246337142,0.7661520026572768
-0.5127030457116889,1.5785278806478606,-1.465881922206811,0.0,-1.218368144145874,2.1983689489176554,-0.2490961961770584,2.9469220682626367,-0.5977450432782618,-1.0434086776063791,-0.12702693371985252,0.38103838466285656,-0.7354168225373562,2.4382101192057317
-0.49309208714387726,0.9992515941715816,-0.7329234669481228,0.0,-1.2915238269831255,-0.6651371593883594,-1.6736111443286739,1.4085617766277423,-0.4491405241701225,-0.13259628517593505,0.0457812806807594,0.6407545235385406,-0.7262105432992997,0.13913020895160616
-0.45341540833224175,0.9992515941715816,-0.7329234669481228,0.0,-1.2915238269831255,-1.3284615759943201,-1.0978229500626666,1.4085617766277423,-0.4491405241701225,-0.13259628517593505,0.0457812806807594,0.7010926164086494,0.19257612465875126,-0.8223032080637558
-0.4571863534659168,0.9992515941715816,-0.7329234669481228,0.0,-1.2915238269831255,-0.6487876139086358,-1.239900556439993,1.4085617766277423,-0.4491405241701225,-0.13259628517593505,0.0457812806807594,0.7010926164086494,-0.5991638898141184,-0.0907777820738067
-0.47757398366017645,-0.44893912201911634,0.00784904433677741,0.0,-1.2503093577790405,0.5937778425504181,-2.226966032324577,0.7250530955449991,-0.4491405241701225,-0.41501873244118903,0.21858949508137335,-0.4505779388077755,-0.9803038502696625,0.5989461910024312
-0.4415507273018982,-0.44893912201911634,0.00784904433677741,0.0,-1.2503093577790405,-0.47127826298591263,-1.819427635084351,0.7250530955449991,-0.4491405241701225,-0.41501873244118903,0.21858949508137335,-1.0443397512542123,-0.39846700242448374,0.07642802958103895
-0.4758469112276803,-0.44893912201911634,0.00784904433677741,0.0,-1.2503093577790405,-0.22837073014429285,-2.1820994197843686,0.7250530955449991,-0.4491405241701225,-0.41501873244118903,0.21858949508137335,0.17728801308698258,-1.2012545519830216,0.3063360206064518
-0.4228339630408524,-0.44893912201911634,0.00784904433677741,0.0,-1.2503093577790405,0.192046153620048,-2.2419215698379795,0.7250530955449991,-0.4491405241701225,-0.41501873244118903,0.21858949508137335,-1.024227053630841,-0.8293208707655338,0.43174037934758547
-0.4823259876904174,-0.44893912201911634,0.32353690779574323,0.0,-1.0030225425545298,0.2574443355389446,-2.249399338594681,0.14028536459141397,-0.30053600506198325,0.24161345745052645,-0.06942419558631589,0.5279485238248617,-0.9692563151839945,0.5780454645455759
-0.47406874197765464,-0.44893912201911634,0.32353690779574323,0.0,-1.0030225425545298,0.2878077771441468,-0.7912344310379095,0.2820455279843907,-0.30053600506198325,0.24161345745052645,-0.06942419558631589,-0.4943011945107531,-0.5715450520999484,0.013725850210471744
-0.4707934359740154,-0.44893912201911634,0.32353690779574323,0.0,-1.0030225425545298,0.2714582316644232,0.31173646057554616,0.02776923331216169,-0.30053600506198325,0.24161345745052645,-0.06942419558631589,-1.3311643086657428,-0.013644530273716936,-0.2788843201855076
-0.47818203578877716,-0.44893912201911634,0.32353690779574323,0.0,-1.0030225425545298,-0.053197028575818886,-0.7613233560111039,0.04939175126497309,-0.30053600506198325,0.24161345745052645,-0.06942419558631589,-0.168125706966544,-0.3266580243676423,-0.11167850853066193
-0.49382277163454874,-0.44893912201911634,0.32353690779574323,0.0,-1.0030225425545298,0.1616827120148458,-0.4659514901213987,0.570816231192306,-0.30053600506198325,0.24161345745052645,-0.06942419558631589,-0.21709575335387904,0.05448193608790193,-0.028075602703239482
-0.4798171339497203,-0.44893912201911634,0.32353690779574323,0.0,-1.0030225425545298,-0.6744797568053459,-1.105300718819368,0.2820455279843907,-0.30053600506198325,0.24161345745052645,-0.06942419558631589,0.6276375468276493,-0.5420849585381673,-0.21618214081494036
-0.501655913761817,2.4474423103622795,-0.9220236227824539,0.0,-1.116362332865764,1.3178291423667852,-1.2212061345482395,0.7890738144966657,-0.4491405241701225,-0.5844722008003415,0.10338401881429807,0.7010926164086494,-1.243603436478082,1.3931737963629474
-0.4998726348300383,2.4474423103622795,-0.9220236227824539,0.0,-1.116362332865764,1.065579012108179,0.15844220106316778,0.7890738144966657,-0.4491405241701225,-0.5844722008003415,0.10338401881429807,0.590035546923088,-0.8882410578890962,0.536244011631864
-0.503975709277655,2.4474423103622795,-0.9220236227824539,0.0,-1.116362332865764,0.3251781668120883,-1.2698116314667984,0.7890738144966657,-0.4491405241701225,-0.5844722008003415,0.10338401881429807,0.7010926164086494,-0.9803038502696625,0.7243505497435656
-0.5045275549069732,2.4474423103622795,-0.9220236227824539,0.0,-1.116362332865764,0.00986550398883266,-0.7276733966059474,0.7890738144966657,-0.4491405241701225,-0.5844722008003415,0.10338401881429807,0.15367745500737134,-0.8348446383083679,0.3272367470633071
-0.49682215482352876,-0.44893912201911634,-0.9798476373764229,0.0,-0.8793791349422745,0.5283796606315215,-0.6790678996873886,0.43831479611332697,-0.5977450432782618,-0.8245312809758073,-0.1846296718533912,0.7010926164086494,-0.44633965446237844,0.536244011631864
-0.4933680099585364,-0.44893912201911634,-0.9798476373764229,0.0,-0.8793791349422745,1.091271155004889,-0.376218265040982,0.24540580435155857,-0.5977450432782618,-0.8245312809758073,-0.1846296718533912,0.29883866394125896,-1.0152877113742775,1.100563625966968
-0.4961630058773986,-0.44893912201911634,-0.9798476373764229,0.0,-0.8793791349422745,-0.3451531978566116,-0.7874955466595587,0.23947796000418178,-0.5977450432782618,-0.8245312809758073,-0.1846296718533912,0.621516291029233,0.15022724016369074,0.2436338412358846
-0.4861327005963631,-0.44893912201911634,-0.9798476373764229,0.0,-0.8793791349422745,-0.0975743663064976,-0.3500460743925273,-0.14419470842220994,-0.5977450432782618,-0.8245312809758073,-0.1846296718533912,0.548061221448228,-0.6636078444805147,0.1809316618653174
-0.4937512360900075,-0.44893912201911634,-1.1486312475426026,0.0,-0.4672344429014239,1.9718109615557595,0.7529248172209283,-0.32818370583268813,-0.746349562386401,-0.6621383737982862,-0.5878488387881557,0.7010926164086494,-1.204937063678244,0.4735418322612975
-0.4955805021575626,-0.44893912201911634,-1.1486312475426026,0.0,-0.4672344429014239,2.1399777150614963,-0.11449635855643324,-0.33224851338517497,-0.746349562386401,-0.6621383737982862,-0.5878488387881557,0.6276375468276493,-1.1681119467260175,1.539478881560937
-0.498738285480884,-0.44893912201911634,-1.1486312475426026,0.0,-0.4672344429014239,0.5937778425504181,-0.002329827205912599,-0.5141486513589586,-0.746349562386401,-0.6621383737982862,-0.5878488387881557,0.28834508257254393,-0.5954813781188956,0.2645345676927406
-0.5025807661591003,-0.44893912201911634,-1.1486312475426026,0.0,-0.4672344429014239,0.565750050299463,0.2893031543054422,-0.514261562679861,-0.746349562386401,-0.6621383737982862,-0.5878488387881557,0.40814680319870283,-0.7077979848231866,0.13913020895160616
-0.5011960424040517,2.795008082248047,0.6689181841543147,0.0,-0.7248248754269553,0.6521690764065775,-0.46969037449974943,-0.19031898301084452,-0.4491405241701225,-0.6621383737982862,-0.35743788625400513,0.5358187098513955,-0.7151630082136317,0.3272367470633071
-0.5079816997719656,2.795008082248047,0.6689181841543147,0.0,-0.7248248754269553,0.11263407557567283,-1.3931948159523717,-0.19031898301084452,-0.4491405241701225,-0.6621383737982862,-0.35743788625400513,0.6512481049072556,-1.07420789849784,0.7661520026572768
-0.5007310613645335,2.795008082248047,0.6689181841543147,0.0,-0.7248248754269553,0.20138875103703233,0.41642522316936553,-0.21905491418050801,-0.4491405241701225,-0.6621383737982862,-0.35743788625400513,0.7010926164086494,-0.26773783724407985,-0.15347996144437315
-0.4603134786987206,-0.44893912201911634,-1.2298974302152077,0.0,-0.9205936041463596,1.0795929082336577,-0.31265723060902034,-0.28668879540105213,-0.746349562386401,-0.6197750067084982,-0.4726433625210804,-2.7023256075111193,-0.9931926412029417,1.47677670219037
-0.46389025592578365,-0.44893912201911634,-1.2298974302152077,0.0,-0.9205936041463596,0.0005229065718483211,0.1285311260363618,-0.28668879540105213,-0.746349562386401,-0.6197750067084982,-0.4726433625210804,0.2577388035804577,-0.12964364867323053,0.013725850210471744
-0.48761961798647074,-0.44893912201911634,-1.2298974302152077,0.0,-0.9205936041463596,2.9270915474425148,-0.13692966482653748,-0.28668879540105213,-0.746349562386401,-0.6197750067084982,-0.4726433625210804,0.7010926164086494,-1.0778904101930626,2.4800115721194436
-0.44671150587237496,-0.44893912201911634,-0.3437834768427638,0.0,-0.1478223065697643,1.3178291423667852,0.513636217006484,-0.6917017034779993,-0.30053600506198325,0.14276560090768756,1.1978360433515165,0.5139570819999066,-0.48316477141460484,1.2886701640786689
-0.46425815301199586,-0.44893912201911634,-0.3437834768427638,0.0,-0.1478223065697643,1.4439542074960863,0.19209216046832375,-0.6474969213447055,-0.30053600506198325,0.14276560090768756,1.1978360433515165,0.5856632213527893,-0.8053845447465866,1.079662899510112
-0.41454605923757193,-0.44893912201911634,-0.3437834768427638,0.0,-0.1478223065697643,-0.06020397663855818,0.7940525453827862,-0.7273252252227099,-0.30053600506198325,0.14276560090768756,1.1978360433515165,0.4885975936921829,0.2570200793251476,-0.42518940538349725
-0.4513408775405452,-0.44893912201911634,-0.3437834768427638,0.0,-0.1478223065697643,0.00986550398883266,0.8912635392199042,-0.8931354999679002,-0.30053600506198325,0.14276560090768756,1.1978360433515165,0.33294280338958027,0.052640680240290644,-0.2579835937286516
-0.4549074354041024,-0.44893912201911634,-0.3437834768427638,0.0,-0.1478223065697643,-0.7281996919530109,1.141768792569401,-1.070462729445136,-0.30053600506198325,0.14276560090768756,1.1978360433515165,0.45187005890168036,0.8149206011513788,-0.383387952469786
-0.4351942832012318,-0.44893912201911634,-0.3437834768427638,0.0,-0.1478223065697643,-0.7632344322667054,0.9623023424085676,-1.0116923869154315,-0.30053600506198325,0.14276560090768756,1.1978360433515165,0.593533407379328,1.2181556317782591,-0.383387952469786
-0.4556483392582797,-0.44893912201911634,-0.3437834768427638,0.0,-0.1478223065697643,-0.0835604701810211,0.7117970890590708,-1.0617121020751994,-0.30053600506198325,0.14276560090768756,1.1978360433515165,-0.10428975364019519,0.37670170941988373,-0.19528141435808513
-0.4572578890104581,-0.44893912201911634,-0.3437834768427638,0.0,-0.1478223065697643,0.7269098557424605,1.1567243300828034,-0.8864172763742066,-0.30053600506198325,0.14276560090768756,1.1978360433515165,0.5559314074747668,0.041593145154622604,-0.3206857730992188
-0.3879654947587402,-0.44893912201911634,-0.3437834768427638,0.0,-0.1478223065697643,0.1546757639521065,0.9361301517601126,-0.8230740253479542,-0.30053600506198325,0.14276560090768756,1.1978360433515165,0.20527089673688761,0.6455250631711372,-0.404288678926642
-0.46752323965212916,-0.44893912201911634,-0.3437834768427638,0.0,-0.1478223065697643,0.07526368590773133,-0.439779299472944,-0.6917017034779993,-0.30053600506198325,0.14276560090768756,1.1978360433515165,0.4029000125143453,0.17600482203024936,0.07642802958103895
-0.47114600401496876,-0.44893912201911634,-0.11717585208261513,0.0,0.13037536055781018,1.289801350115828,0.5771972514384455,-0.7483267309105582,-0.15193148595384395,0.4816725376259923,-0.5878488387881557,0.586537686466848,-0.34691183869136677,0.3063360206064518
-0.45967476847960215,-0.44893912201911634,-0.11717585208261513,0.0,0.13037536055781018,-0.5833894319897371,0.9996911861920745,-0.9312995264329148,-0.15193148595384395,0.4816725376259923,-0.5878488387881557,0.5305719191670379,0.7670479491134847,-0.5296930376677756
-0.40917578371522434,-0.44893912201911634,-0.11717585208261513,0.0,0.13037536055781018,-0.16530819757964338,1.093163295650842,-0.8214368111948692,-0.15193148595384395,0.4816725376259923,-0.5878488387881557,0.7010926164086494,0.9290784637032811,-0.5505937641246317
-0.44995615378549647,-0.44893912201911634,-0.11717585208261513,0.0,0.13037536055781018,0.2130669978082638,0.6744082452755639,-0.9860050614101329,-0.15193148595384395,0.4816725376259923,-0.5878488387881557,-0.01247091666394135,-0.2935154191106385,-0.5923952170383429
-0.4351227476566905,-0.44893912201911634,-0.11717585208261513,0.0,0.13037536055781018,-0.5483546916760428,0.8239636204095917,-0.8693676669179428,-0.15193148595384395,0.4816725376259923,-0.5878488387881557,-3.8452515115869517,0.6841914359709749,-0.6341966699520541
-0.45543884230640885,-0.44893912201911634,-0.11717585208261513,0.0,0.13037536055781018,0.03088634817705053,0.23695877300853221,-0.7186310535132242,-0.15193148595384395,0.4816725376259923,-0.5878488387881557,0.38628517534721407,-0.000755739340437939,-0.028075602703239482
-0.4455260597056912,-0.44893912201911634,-0.11717585208261513,0.0,0.13037536055781018,-0.33113930173113304,0.6145860952219524,-0.7088642242551659,-0.15193148595384395,0.4816725376259923,-0.5878488387881557,0.49209545414841793,-0.3211342568248081,-0.44609013184035323
-0.4487042817560244,-0.44893912201911634,-0.11717585208261513,0.0,0.13037536055781018,-1.0084776144625722,-0.03597978661106855,-0.7022024563219237,-0.15193148595384395,0.4816725376259923,-0.5878488387881557,0.2288814548164939,0.2883214287345401,-0.42518940538349725
-0.48742034039810583,-0.44893912201911634,2.3270608729165065,0.0,0.4806983487925325,-0.6838223542223302,0.1322700104147128,-0.9853275934847185,-0.746349562386401,-1.241104390692057,0.16098675694783673,0.023382153012497454,0.4282568731530007,0.13913020895160616
-0.48606116505182184,-0.44893912201911634,2.3270608729165065,0.0,0.4806983487925325,-0.37084534075332165,0.6706693608972129,-1.0193703567367953,-0.746349562386401,-1.241104390692057,0.16098675694783673,-0.9805037979278636,0.40984431467688753,-0.21618214081494036
-0.47515710419103235,-0.44893912201911634,2.3270608729165065,0.0,0.4806983487925325,-0.47127826298591263,0.9996911861920745,-1.0817538615353772,-0.746349562386401,-1.241104390692057,0.16098675694783673,-0.9437762631373661,1.0837439549026324,-0.17438068790122915
-0.445832640610868,-0.44893912201911634,2.3270608729165065,0.0,0.4806983487925325,-0.7165214451817795,1.152985445704453,-1.1622031776783448,-0.746349562386401,-1.241104390692057,0.16098675694783673,-1.6241101218756941,2.4610033289159032,-0.8432039345206109
-0.4723467792269114,-0.44893912201911634,2.3270608729165065,0.0,0.4806983487925325,-0.6628015100341144,1.1081188331642444,-1.1272571238590487,-0.746349562386401,-1.241104390692057,0.16098675694783673,-0.8309702634236822,1.0193000002362358,-0.5296930376677756
-0.4363081938233743,-0.44893912201911634,2.3270608729165065,0.0,0.4806983487925325,-0.41288702912975533,0.8314413891662932,-1.1348221823595104,-0.746349562386401,-1.241104390692057,0.16098675694783673,-0.33777193909409664,0.5092721304478992,0.013725850210471744
-0.32474851211127664,-0.44893912201911634,2.3270608729165065,0.0,0.4806983487925325,-1.2840842382636393,1.100641064407543,-1.2678881740430012,-0.746349562386401,-1.241104390692057,0.16098675694783673,-2.587770677569318,2.8016356607239983,-1.1776155578303023
-0.39025463218406065,-0.44893912201911634,1.7394438597453625,0.0,0.9237538927364475,-1.0972322899239337,1.115596601920946,-1.2503304636426764,-0.4491405241701225,0.5169753435341491,1.3706442577521303,0.2822238267741277,0.9474910221793946,-1.0731119255460237
-0.35638766152552614,-0.44893912201911634,1.7394438597453625,0.0,0.9237538927364475,0.6264769335098674,1.2202853645147653,-1.2366681938134847,-0.4491405241701225,0.5169753435341491,1.3706442577521303,0.7010926164086494,0.6160649696093561,-0.6968988493226214
-0.07238133033321124,-0.44893912201911634,1.7394438597453625,0.0,0.9237538927364475,-1.228028653761729,1.066991105002387,-1.142161418218167,-0.4491405241701225,0.5169753435341491,1.3706442577521303,0.7010926164086494,1.1592354446546966,-1.4702257282262816
-0.3489121971209643,-0.44893912201911634,1.7394438597453625,0.0,0.9237538927364475,0.689539466074519,1.2240242488931163,-1.0639138728327961,-0.4491405241701225,0.5169753435341491,1.3706442577521303,0.5384421051935767,0.10235458812579633,-0.44609013184035323
0.08688234022440203,-0.44893912201911634,1.7394438597453625,0.0,0.9237538927364475,0.38123375131400056,1.179157636352908,-0.9778189906447081,-0.4491405241701225,0.5169753435341491,1.3706442577521303,0.7010926164086494,0.03975188930701132,-0.36248722601293004
-0.22117526297903561,-0.44893912201911634,1.7394438597453625,0.0,0.9237538927364475,0.4886736216093329,1.1866354051096095,-0.9459779981502283,-0.4491405241701225,0.5169753435341491,1.3706442577521303,-0.2730615206536891,-0.17015127732067978,0.34813747352016305
-0.3541445112359823,-0.44893912201911634,1.7394438597453625,0.0,0.9237538927364475,-0.7959335232261546,1.093163295650842,-0.8655286820072606,-0.4491405241701225,0.5169753435341491,1.3706442577521303,-0.016843242234240097,0.5497797590953482,-0.6132959434951989
-0.2376642059957964,-0.44893912201911634,1.7394438597453625,0.0,0.9237538927364475,0.4022545955022184,1.1978520582446615,-1.0683174143479903,-0.4491405241701225,0.5169753435341491,1.3706442577521303,0.506086895973373,0.905142137684334,-0.6759981228657653
-0.3578132627345984,-0.44893912201911634,1.7394438597453625,0.0,0.9237538927364475,-0.5156556007165934,1.0221244924621786,-1.1495006540768238,-0.4491405241701225,0.5169753435341491,1.3706442577521303,-0.929784821312411,0.8940946025986657,-0.8223032080637558
-0.34264261761009795,-0.44893912201911634,1.7394438597453625,0.0,0.9237538927364475,0.6801968686575326,1.2053298270013628,-1.215610232465185,-0.4491405241701225,0.5169753435341491,1.3706442577521303,0.4544934542438566,0.46876450180044993,-0.8850053874343222
-0.3950321846230663,-0.44893912201911634,1.7394438597453625,0.0,0.9237538927364475,-0.7141857958275324,1.1978520582446615,-1.3179078892027691,-0.4491405241701225,0.5169753435341491,1.3706442577521303,0.27610257097571145,1.7079296872428715,-1.6792329927948384
-0.24443964400020451,-0.44893912201911634,1.7394438597453625,0.0,0.9237538927364475,-0.027504885679108842,1.1866354051096095,-1.3178514335423177,-0.4491405241701225,0.5169753435341491,1.3706442577521303,0.7010926164086494,1.1813305148260327,-0.7387003022363325
-0.3740313926184531,-0.44893912201911634,1.7394438597453625,0.0,0.9237538927364475,0.026215049468558363,1.025863376840529,-1.3499182486786023,-0.4491405241701225,0.5169753435341491,1.3706442577521303,-0.0701856141918739,2.2308463479644876,-1.5329279075968487
1.5709689666409237,-0.44893912201911634,1.3784344713343666,0.0,3.4687473660887007,-1.62275339462936,1.265151977054974,-1.4628860252414646,-0.30053600506198325,0.2769162633586832,-2.37353372092783,0.7010926164086494,2.6469701695246473,-1.198516284287158
0.897686640782074,-0.44893912201911634,1.3784344713343666,0.0,3.4687473660887007,-2.9423952797785438,1.1828965207312585,-1.5000903054788086,-0.30053600506198325,0.2769162633586832,-2.37353372092783,0.7010926164086494,3.1754105977890967,-1.9927438896476737
0.6876174045549062,-0.44893912201911634,1.3784344713343666,0.0,3.4687473660887007,-2.888675344630877,1.104379948785894,-1.435222751620374,-0.30053600506198325,0.2769162633586832,-2.37353372092783,0.24724522221174267,3.2196007381317693,-1.4075235488557147
0.6683896721185656,-0.44893912201911634,1.3784344713343666,0.0,3.4687473660887007,-2.281406512526828,1.0333411455972306,-1.3963812572299446,-0.30053600506198325,0.2769162633586832,-2.37353372092783,-2.7888976538030152,2.996808780570799,-0.7387003022363325
0.8742996273988344,-0.44893912201911634,1.3784344713343666,0.0,3.4687473660887007,-1.3214546279315809,1.0744688737590886,-1.3985830279875415,-0.30053600506198325,0.2769162633586832,-2.37353372092783,-3.2383727224296233,1.7318660132618184,-1.2403177372008691
0.323797844381555,-0.44893912201911634,1.3784344713343666,0.0,3.4687473660887007,-0.09523871695225256,1.164202098839505,-1.3464744533910789,-0.30053600506198325,0.2769162633586832,-2.37353372092783,-1.4063683084748653,0.37854296526749504,0.03462657666732773
0.1634764697010816,-0.44893912201911634,1.3784344713343666,0.0,0.7279851640170432,-0.2260350807900478,1.265151977054974,-1.26783171838255,-0.30053600506198325,0.2769162633586832,-2.37353372092783,-3.059981839161478,-1.033700269850391,0.6198469174592871
0.2054678343468022,-0.44893912201911634,1.3784344713343666,0.0,3.4687473660887007,0.8109932324953278,1.265151977054974,-1.2629765315837462,-0.30053600506198325,0.2769162633586832,-2.37353372092783,-2.1487891903114247,-0.8569397084797038,0.41083965289073027
0.6231025627421941,-0.44893912201911634,1.3784344713343666,0.0,0.7279851640170432,-0.7211927438902717,0.9585634580302166,-0.8925709433633879,-0.30053600506198325,0.2769162633586832,-2.37353372092783,0.544563360991993,-0.07440597324489066,0.28543529414959584
0.6596572260027787,-0.44893912201911634,1.3784344713343666,0.0,0.7279851640170432,-0.6604658606798672,1.164202098839505,-0.9113706782936394,-0.30053600506198325,0.2769162633586832,-2.37353372092783,-3.563673744859779,-0.002596995188049224,-0.4669908582972085
-0.4515759229011807,-0.44893912201911634,-1.0486113304070888,0.0,-0.2508584795799771,-1.37984586178774,0.8351802735446437,-0.7942816385178396,-0.30053600506198325,-0.47856378307587116,-1.2790816963906095,0.7010926164086494,0.48717706027656316,0.36903819997701903
-0.475775375683139,-0.44893912201911634,-1.0486113304070888,0.0,-0.2508584795799771,0.5914421931961731,0.6706693608972129,-0.7659408969713344,-0.30053600506198325,-0.47856378307587116,-1.2790816963906095,0.5786675004403142,-0.5531324936238353,0.4735418322612975
-0.47951055304454343,-0.44893912201911634,-1.0486113304070888,0.0,-0.2508584795799771,-0.7095144971190402,0.09488116663120584,-0.7345515497604641,-0.30053600506198325,-0.47856378307587116,-1.2790816963906095,0.3801639195487978,-0.44265714276715556,0.2645345676927406
-0.4886211156100484,-0.44893912201911634,-1.0486113304070888,0.0,-0.2508584795799771,0.8950766092481972,-1.2361616720616424,-0.49156638717847645,-0.30053600506198325,-0.47856378307587116,-1.2790816963906095,0.18166033865727635,-1.2362384130876365,1.6857839667589267
-0.4867918495424933,-0.44893912201911634,-1.0486113304070888,0.0,-0.2508584795799771,-0.33347495108538017,-0.708978974714194,-0.2529847661116826,-0.30053600506198325,-0.47856378307587116,-1.2790816963906095,0.3801639195487978,-0.35611811792942355,0.3899389264338743
-0.4949520113019501,-0.44893912201911634,-1.0486113304070888,0.0,-0.2508584795799771,0.3555416084172926,0.2706087324136887,-0.38701050402284415,-0.30053600506198325,-0.47856378307587116,-1.2790816963906095,0.5874121515809118,-1.0594778517169494,0.6825490968298543
-0.48873352860861324,-0.44893912201911634,-1.0486113304070888,0.0,-0.2508584795799771,1.6284705064815488,0.30799757619719564,-0.6140751703575922,-0.30053600506198325,-0.47856378307587116,-1.2790816963906095,0.20876875719312263,-0.9434787333174359,1.7902875990432052
-0.48747654689738823,-0.44893912201911634,-1.2970983120406314,0.0,-0.4775380602024452,-0.043854431158832474,-0.14814631796158945,-0.7932654366297177,-0.5977450432782618,-1.2058015847839,-0.5878488387881557,0.7010926164086494,-0.477641003871771,3.107033365825114
-0.4715343398281928,-0.44893912201911634,-1.2970983120406314,0.0,-0.4775380602024452,0.9347826482703838,1.100641064407543,-0.6526343864457653,-0.5977450432782618,-1.2058015847839,-0.5878488387881557,0.7010926164086494,-1.1717944584212403,2.333706486921453
-0.4802207988082031,-0.44893912201911634,-1.2970983120406314,0.0,-0.4775380602024452,-1.305105082451857,0.8837857704632026,-0.573088360870017,-0.5977450432782618,-1.2058015847839,-0.5878488387881557,0.18515819911351636,0.35644789509615926,1.0587621730532562
-0.49177378925161686,-0.44893912201911634,-1.2970983120406314,0.0,-0.4775380602024452,-0.022833586970616673,0.09862005100955633,-0.4083507436733997,-0.5977450432782618,-1.2058015847839,-0.5878488387881557,-0.15500873025564774,0.20362365974441932,1.7275854196726388
-0.4529657563379824,-0.44893912201911634,-0.02653280217855561,0.0,-0.4672344429014239,-0.6347737177831572,-1.6399611849235176,-0.03252541204972576,-0.4491405241701225,-0.6127144455268668,-0.12702693371985252,0.7010926164086494,-0.2161826735109629,0.2645345676927406
-0.4053077546282433,-0.44893912201911634,-0.02653280217855561,0.0,-0.4672344429014239,0.38123375131400056,-0.5108181026616072,0.19866051749796015,-0.4491405241701225,-0.6127144455268668,-0.12702693371985252,0.5235761982545629,-0.1977701150348494,0.6407476439161424
-0.3939131643191709,-0.44893912201911634,-0.02653280217855561,0.0,-0.4672344429014239,-0.8870238480417613,0.24443654176523372,0.19866051749796015,-0.4491405241701225,-0.6127144455268668,-0.12702693371985252,0.04786717620616746,1.1076802809215793,0.2436338412358846
-0.45087078681927406,-0.44893912201911634,-0.02653280217855561,0.0,-0.4672344429014239,0.4956805696720722,-1.266072747088448,-0.03252541204972576,-0.4491405241701225,-0.6127144455268668,-0.12702693371985252,-0.26868919508339034,-0.49052979480505,1.4140745228198033
-0.3747211996551009,-0.44893912201911634,-0.02653280217855561,0.0,-0.4672344429014239,-1.753549758467155,-2.107321732217355,-0.23458022080458965,-0.4491405241701225,-0.6127144455268668,-0.12702693371985252,-3.4937165357350137,3.2232832498269914,0.4944425587181527
-0.4214901167398273,-0.44893912201911634,-0.02653280217855561,0.0,-0.4672344429014239,0.04490024430252911,-0.8884454248750276,-0.03252541204972576,-0.4491405241701225,-0.6127144455268668,-0.12702693371985252,0.41514252411117786,-0.47395849217654806,0.7661520026572768
-0.4868378366782698,-0.44893912201911634,0.4891948955514383,0.0,0.16128621246087402,1.1192989472558463,0.7080582046807198,-0.3285224397953953,-0.30053600506198325,-0.6197750067084982,-1.3942871726576869,0.34081298941611404,-0.4334508635290991,1.539478881560937
-0.20857989745802058,-0.44893912201911634,-0.7126069212799715,0.0,-0.28176933148304095,1.063243362753934,0.5472861764116399,-0.4126413738676913,0.1452775522624346,-0.40089761007792635,-0.8182597913223083,0.7010926164086494,-0.8182733356798659,1.832089051956917
-0.3119589786836497,-0.44893912201911634,-0.7126069212799715,0.0,-0.31268018338610476,2.33617226081819,0.513636217006484,-0.44448236636217114,0.1452775522624346,-0.40089761007792635,-0.8182597913223083,-1.4693297966871552,-1.04658906078367,2.1455999488097524
-0.2969365143299847,-0.44893912201911634,-0.7126069212799715,0.0,-0.31268018338610476,0.9090905053736738,-1.6736111443286739,-0.35449204360294967,0.1452775522624346,-0.40089761007792635,-0.8182597913223083,-0.747021612473967,-1.5253155811626145,2.1246992223528967
-0.24828212467842084,-0.44893912201911634,-0.7126069212799715,0.0,-0.31268018338610476,-0.4245652759009868,0.07244786036110133,-0.18715746602557712,0.1452775522624346,-0.40089761007792635,-0.8182597913223083,-0.9210401701718135,-0.07256471739727938,0.6198469174592871
-0.2861142083772424,-0.44893912201911634,-0.7126069212799715,0.0,-0.31268018338610476,2.9177489500255285,0.4014696856559631,-0.18715746602557712,0.1452775522624346,-0.40089761007792635,-0.8182597913223083,-1.1142969603789774,-1.2509684598685271,2.1665006752666076
-0.3538226012855466,-0.44893912201911634,-0.7126069212799715,0.0,-0.28176933148304095,-0.1793220937051199,-0.17431850861004444,-0.1982227754740134,0.1452775522624346,-0.40089761007792635,-0.8182597913223083,-1.0609545884213436,-0.2143414176633513,0.5571447380887199
-0.26114319365058913,-0.44893912201911634,-0.7126069212799715,0.0,-0.28176933148304095,2.791623884896225,0.20330881360337572,0.08185375602441623,0.1452775522624346,-0.40089761007792635,-0.8182597913223083,0.10383294350597752,-1.3467137639443159,2.1246992223528967
-0.48054781844039174,3.026718596838559,-0.9110839443457571,0.0,-1.0957550982637214,0.7432594012221841,-1.7820387913008442,1.2346218867775784,-0.15193148595384395,-0.4503215383493458,-1.2790816963906095,-0.8283468680815009,-1.04658906078367,0.4944425587181527
-0.47539725923342085,3.026718596838559,-0.9110839443457571,0.0,-1.0957550982637214,1.0352155705029769,-0.8959231936317288,1.2346218867775784,-0.15193148595384395,-0.4503215383493458,-1.2790816963906095,-0.44620561323748176,-0.8606222201749263,0.41083965289073027
-0.46478445023254944,3.026718596838559,-0.9110839443457571,0.0,-1.0957550982637214,1.714889532588663,-0.4435181838512947,1.3171600623572408,-0.15193148595384395,-0.4503215383493458,-1.2790816963906095,0.20701982696500512,-0.12227862528278506,0.13913020895160616
-0.4684480920494126,3.026718596838559,-0.9110839443457571,0.0,-1.0957550982637214,-0.1583012495169041,-0.039718670989419565,1.3171600623572408,-0.15193148595384395,-0.4503215383493458,-1.2790816963906095,0.5017145704030742,0.06552947117356997,-0.2579835937286516
-0.47009340957386164,3.026718596838559,-0.9110839443457571,0.0,-1.0957550982637214,0.4559745306498836,-0.4958625651482044,1.712010951552971,-0.15193148595384395,-0.4503215383493458,-1.2790816963906095,-1.410740634045164,-0.15173871884456627,0.1809316618653174
-0.45748782468934074,3.026718596838559,-0.9110839443457571,0.0,-1.0957550982637214,0.5377222580485058,-2.1820994197843686,1.712010951552971,-0.15193148595384395,-0.4503215383493458,-1.2790816963906095,-1.2393454716894938,-1.2620159949541951,0.4944425587181527
-0.4173717132469517,2.099876538476512,-0.7657425022582133,0.0,-1.0648442463606576,-1.3307972253485671,0.3865141481425601,2.2310642937413534,-0.0033269668457046697,-0.2385047029004053,0.16098675694783673,-1.4334767270107116,0.08394202964968314,-0.7805017551500437
-0.424908493832549,2.099876538476512,-0.7657425022582133,0.0,-1.0648442463606576,-1.30276943309761,0.15096443230646628,2.2310642937413534,-0.0033269668457046697,-0.2385047029004053,0.16098675694783673,0.02163322278437994,1.1813305148260327,-0.5923952170383429
-0.34902971980128206,2.099876538476512,-0.7657425022582133,0.0,-1.0648442463606576,-0.1279378079117019,-1.16886175325133,2.287858688155266,-0.0033269668457046697,-0.2385047029004053,0.16098675694783673,0.11345205976063377,-0.5310374234524993,0.6198469174592871
-0.4222310205940046,2.099876538476512,-0.7657425022582133,0.0,-1.0648442463606576,0.1476688158893672,0.487464026358029,2.287858688155266,-0.0033269668457046697,-0.2385047029004053,0.16098675694783673,-1.1142969603789774,-0.34875309453897807,-0.17438068790122915
-0.4386739764749889,2.099876538476512,-0.7657425022582133,0.0,-1.0648442463606576,0.6311482322183596,-0.6379401715255308,2.1585752257220054,-0.0033269668457046697,-0.2385047029004053,0.16098675694783673,-1.2393454716894938,-0.46475221293849167,0.6616483703729984
-0.4252150747377258,2.099876538476512,-0.7657425022582133,0.0,-1.0648442463606576,1.2968082981785674,-1.819427635084351,2.1585752257220054,-0.0033269668457046697,-0.2385047029004053,0.16098675694783673,0.4247616403658341,-1.0097639438314436,1.016960720139545
-0.45098319981783885,2.099876538476512,-0.7657425022582133,0.0,-1.0648442463606576,0.7572732973476627,-1.9876774321101325,1.9159287971027248,-0.0033269668457046697,-0.2385047029004053,0.16098675694783673,0.6468757793369568,-1.131286829773791,0.6407476439161424
-0.413278858162841,2.099876538476512,-0.7657425022582133,0.0,-1.0648442463606576,0.6428264789895911,-2.140971691622511,1.9159287971027248,-0.0033269668457046697,-0.2385047029004053,0.16098675694783673,-1.0329717047714386,-1.556616930572007,0.7243505497435656
-0.4806653411207095,2.099876538476512,-0.7657425022582133,0.0,-1.0648442463606576,1.8550284938434427,-2.2194882635678757,2.768409269915926,-0.0033269668457046697,-0.2385047029004053,0.16098675694783673,-0.24420417188972532,-1.567664465657675,1.7275854196726388
-0.3698107954905186,1.8681660238860003,-0.5938332696815487,0.0,-0.7248248754269553,-0.7165214451817795,-0.8996620780100796,0.2404941618923036,-0.5977450432782618,-0.9939847493349597,-0.12702693371985252,-0.020341102690480093,0.17600482203024936,-0.04897632916009472
-0.4398389839146609,1.8681660238860003,-0.5938332696815487,0.0,-0.7248248754269553,0.18036790684881654,-1.8642942476245594,0.2404941618923036,-0.5977450432782618,-0.9939847493349597,-0.12702693371985252,0.7010926164086494,-1.0042401762886097,0.807953455570988
-0.46411508192291334,1.8681660238860003,-0.5938332696815487,0.0,-0.7248248754269553,0.8763914144142265,-0.27900727120386387,-0.048276541315611946,-0.5977450432782618,-0.9939847493349597,-0.12702693371985252,0.5314463842810967,-0.7943370096609186,0.6407476439161424
-0.41517455009318444,1.8681660238860003,-1.1611337371845418,0.0,-0.9422312004785042,1.5163593374777242,-1.2698116314667984,0.055150228630996154,-0.30053600506198325,-1.0434086776063791,-2.2583282446607535,0.7010926164086494,-1.3246186937729802,2.8771253747997014
-0.5037406639170193,1.8681660238860003,-1.1611337371845418,0.0,-0.9422312004785042,1.8807206367401528,-1.0828674125492637,0.7010029841927855,-0.30053600506198325,-1.0434086776063791,-2.2583282446607535,0.2927174081428427,-1.3724913458108745,2.939827554170268
-0.4804405151235798,-0.44893912201911634,0.4938833291671654,0.0,-1.0030225425545298,-0.0835604701810211,-1.7857776756791948,0.8466585881568953,-0.4491405241701225,-0.5279877113472906,-1.6246981251918375,0.7010926164086494,-0.637830262613956,0.536244011631864
-0.48077775411927437,-0.44893912201911634,0.4938833291671654,0.0,-1.0030225425545298,-0.3591670939820881,-0.8921843092533783,0.8466585881568953,-0.4491405241701225,-0.5279877113472906,-1.6246981251918375,0.7010926164086494,-0.30272169834869495,0.07642802958103895
-0.45659363038257494,-0.44893912201911634,0.4938833291671654,0.0,-1.0030225425545298,1.2033823240087136,-1.3109393596286563,1.1050561460420623,-0.4491405241701225,-0.5279877113472906,-1.6246981251918375,0.7010926164086494,-1.0631603634121722,1.5185781551040818
-0.49522282443485627,-0.44893912201911634,0.4938833291671654,0.0,-1.0030225425545298,0.9020835573109366,-0.5669013683368677,1.1050561460420623,-0.4491405241701225,-0.5279877113472906,-1.6246981251918375,0.34693424521453525,-0.8569397084797038,1.2050672582512465
-0.4506101930498737,-0.44893912201911634,0.4938833291671654,0.0,-1.0030225425545298,-0.8706743025620377,-0.3051794618523188,1.3080707010245969,-0.4491405241701225,-0.5279877113472906,-1.6246981251918375,0.7010926164086494,0.6989214827518655,-0.21618214081494036
-0.27077494375489475,-0.44893912201911634,-0.1343667753402815,0.0,0.09946450865474636,1.1029494017761206,0.6108472108436019,-0.38701050402284415,-0.4491405241701225,-0.4220792936228204,-0.24223240998692985,0.7010926164086494,-1.3816976250489312,0.3063360206064518
-0.3441397543637116,-0.44893912201911634,-0.1343667753402815,0.0,0.09946450865474636,-0.44558612008920256,0.3939919168992616,-0.5083901739929355,-0.4491405241701225,-0.4220792936228204,-0.24223240998692985,0.6433779188807218,-0.38189569979598187,-0.21618214081494036
0.8239743718140569,-0.44893912201911634,-0.1343667753402815,0.0,0.09946450865474636,-2.7788998249812993,-1.0604341062791598,-0.8375831300839139,-0.4491405241701225,-0.4220792936228204,-0.24223240998692985,-3.3607978383979633,0.1097196115162418,-1.094012652002879
-0.11879767937698422,-0.44893912201911634,-0.1343667753402815,0.0,0.09946450865474636,-0.09523871695225256,-0.49960144952655516,-0.7693282365984068,-0.4491405241701225,-0.4220792936228204,-0.24223240998692985,0.7010926164086494,-1.1165567829929004,0.16003093540846214
-0.38895677301881204,-0.44893912201911634,-0.1343667753402815,0.0,0.09946450865474636,-0.32646800302264084,0.9062190767333071,-0.6599736223044219,-0.4491405241701225,-0.4220792936228204,-0.24223240998692985,0.6486247095650793,-0.05967592646400005,-0.404288678926642
-0.38502742775079557,-0.44893912201911634,-0.1343667753402815,0.0,0.09946450865474636,0.24109479005922096,0.6220638639786539,-0.4178917502896534,-0.4491405241701225,-0.4220792936228204,-0.24223240998692985,0.39415536137374785,-0.7630356602515261,0.05552730312418371
-0.334022584492876,-0.44893912201911634,-0.1343667753402815,0.0,0.09946450865474636,0.9441252456873702,0.7903136610044352,-0.22622478305781119,-0.4491405241701225,-0.4220792936228204,-0.24223240998692985,0.5952823376074455,-0.5089423532811634,0.5153432851750087
-0.39311094428395815,-0.44893912201911634,-0.1343667753402815,0.0,0.09946450865474636,-1.0692044976729767,0.43138076068276854,-0.03275123469153056,-0.4491405241701225,-0.4220792936228204,-0.24223240998692985,0.6591182909337944,-0.1001835551114493,-1.0731119255460237
-0.36004619366063634,-0.44893912201911634,-0.1343667753402815,0.0,0.09946450865474636,-0.5810537826354921,0.6370194014920569,-0.002491000689684308,-0.4491405241701225,-0.4220792936228204,-0.24223240998692985,0.15892424569172883,1.1573941888070851,-0.7387003022363325
-0.3973724188659162,-0.44893912201911634,-0.1343667753402815,0.0,0.09946450865474636,-0.8893594973960084,0.20704769798172673,0.016195822919664486,-0.4491405241701225,-0.4220792936228204,-0.24223240998692985,0.7010926164086494,0.7173340412279787,-0.3206857730992188
-0.31725260897970303,-0.44893912201911634,-0.1343667753402815,0.0,0.09946450865474636,0.5120301151517959,0.03879790095594538,-0.26563083405275245,-0.4491405241701225,-0.4220792936228204,-0.24223240998692985,0.5533080121325855,-0.3100867217391404,0.36903819997701903
-0.27972199650430535,-0.44893912201911634,-0.1343667753402815,0.0,0.09946450865474636,-0.11625956114046836,-0.27526838682551336,-0.0006279638947946113,-0.4491405241701225,-0.4220792936228204,-0.24223240998692985,0.6425034537666631,0.1262909141447437,-0.0698770556169507
-0.4370337686322928,-0.44893912201911634,-0.5281951990613677,0.0,-0.4260199736973388,0.614798686738636,-0.5182958714183087,0.30338576763494624,-0.30053600506198325,-0.5421088337105533,0.449000447615526,0.7010926164086494,-0.8919235695843188,0.5153432851750087
-0.42988532385991957,-0.44893912201911634,-0.5281951990613677,0.0,-0.4260199736973388,0.4980162190263193,-0.4435181838512947,0.30338576763494624,-0.30053600506198325,-0.5421088337105533,0.449000447615526,0.7010926164086494,-0.9526850125554925,0.36903819997701903
-0.3432506697386987,-0.44893912201911634,-0.5281951990613677,0.0,-0.4260199736973388,-0.2844263146462051,-0.6080290964987254,0.4054011460702742,-0.30053600506198325,-0.5421088337105533,0.449000447615526,0.7010926164086494,-0.7998607772037526,-0.19528141435808513
-0.3775979504820103,-0.44893912201911634,-0.5281951990613677,0.0,-0.4260199736973388,-1.0621975496102374,0.30425869181884463,0.4054011460702742,-0.30053600506198325,-0.5421088337105533,0.449000447615526,0.19652624559629012,-0.05599341476877748,-0.5923952170383429
-0.34838589990041074,-0.44893912201911634,-0.5281951990613677,0.0,-0.4260199736973388,0.589106543841926,-0.9744397655770936,0.4054011460702742,-0.30053600506198325,-0.5421088337105533,0.449000447615526,0.7010926164086494,-1.090779201126342,0.7661520026572768
-0.42463768069964275,-0.44893912201911634,-0.5281951990613677,0.0,-0.4260199736973388,0.6264769335098674,-1.9241163976781706,0.7976550748852489,-0.30053600506198325,-0.5421088337105533,0.449000447615526,0.41951484968147656,-1.2822698092779197,0.6825490968298543
-0.3676085226549983,-0.44893912201911634,-0.5281951990613677,0.0,-0.4260199736973388,0.34853466035455327,-1.3931948159523717,0.7976550748852489,-0.30053600506198325,-0.5421088337105533,0.449000447615526,0.7010926164086494,-1.0852554335835078,0.34813747352016305
-0.39951337552040106,-0.44893912201911634,-0.5281951990613677,0.0,-0.4260199736973388,-0.1863290417678592,-0.8398399279564683,0.7976550748852489,-0.30053600506198325,-0.5421088337105533,0.449000447615526,0.7010926164086494,0.1373384492304114,0.1809316618653174
-0.4888612706524369,-0.44893912201911634,-1.1751990380317234,0.0,-0.7660393446310404,-0.6884936529308223,-1.5091002316812434,0.6840098303969727,-0.4491405241701225,0.46755141526272964,-1.1062734819899975,-0.5633839385214594,-0.38189569979598187,-0.42518940538349725
-0.48831453470487163,-0.44893912201911634,-1.1751990380317234,0.0,-0.7660393446310404,0.3975832967937263,-1.830644288219403,0.6840098303969727,-0.4491405241701225,0.46755141526272964,-1.1062734819899975,-1.1956222159865162,-0.8661459877177603,0.2645345676927406
-0.4994536409262966,-0.44893912201911634,-1.1751990380317234,0.0,-0.7660393446310404,-0.043854431158832474,-1.2698116314667984,1.0560526327704158,-0.4491405241701225,0.46755141526272964,-1.1062734819899975,-1.776267051722057,-0.5439262143857786,-0.3206857730992188
-0.49669952246145804,-0.44893912201911634,-0.8704508530094545,0.0,-0.1993403930748707,0.3578772577715376,-1.0492174531441074,1.386205335089065,-0.30053600506198325,-0.9869241881533283,0.7946168764167518,0.0723521993998325,-1.1717944584212403,0.1809316618653174
-0.5035720444191721,-0.44893912201911634,-0.8704508530094545,0.0,-0.1993403930748707,0.3438633616460591,-1.0342619156307047,1.386205335089065,-0.30053600506198325,-0.9869241881533283,0.7946168764167518,0.04524378086398623,-0.9747800827268285,-0.13257923498751792
-0.5024325853882649,-0.44893912201911634,-0.8704508530094545,0.0,-0.1993403930748707,-0.2937689120631915,-1.1838172907647326,1.1191136054944122,-0.30053600506198325,-0.9869241881533283,0.7946168764167518,0.7010926164086494,-0.7427818459278016,-0.04897632916009472
-0.5051611554443387,-0.44893912201911634,-0.8704508530094545,0.0,-0.1993403930748707,-0.6861580035765773,-0.7426289341193505,0.6933250143714214,-0.30053600506198325,-0.9869241881533283,0.7946168764167518,0.7010926164086494,-0.41319704920537437,-0.383387952469786
-0.5071334926009763,-0.44893912201911634,-0.8704508530094545,0.0,-0.1993403930748707,-0.6254311203661729,-0.24535731179870762,0.9100582948435991,-0.30053600506198325,-0.9869241881533283,0.7946168764167518,0.5183294075702054,-0.27326160478691375,-0.5923952170383429
-0.5057794269364454,-0.44893912201911634,-0.8704508530094545,0.0,-0.1993403930748707,-0.24238462626977145,-1.079128528170913,0.4568322527413223,-0.30053600506198325,-0.9869241881533283,0.7946168764167518,0.6346332677401243,-0.6507190535472354,-0.15347996144437315
-0.4945841142157379,-0.44893912201911634,-0.8704508530094545,0.0,-0.1993403930748707,-0.41522267848400035,-0.7762788935245067,0.4568322527413223,-0.30053600506198325,-0.9869241881533283,0.7946168764167518,0.7010926164086494,-0.4242445842910424,-0.48789158475406447
-0.4912423823493104,-0.44893912201911634,-0.8704508530094545,0.0,-0.1993403930748707,-0.454928717506189,-0.28648503996056535,0.4568322527413223,-0.30053600506198325,-0.9869241881533283,0.7946168764167518,0.7010926164086494,-0.5071010974335521,-0.5505937641246317
-0.5099080497928268,-0.44893912201911634,-1.3861785507394482,0.0,-0.16842954117180686,0.8810627131227187,-0.24161842742035688,1.2780927453250066,-0.8949540814945404,0.41106692580967885,-1.682300863325375,0.09421382725132127,-0.6249414716806767,-1.0104097461754566
-0.5067655955147642,-0.44893912201911634,-0.995475749428847,0.0,-0.9515044560494235,-0.34748884721085666,-0.660373477795635,2.2642037664262107,-0.5977450432782618,-0.08317235690451562,-0.01182145745277722,-0.28355510202240414,-0.2787853723297479,-0.8014024816068998
-0.49118617585002794,-0.44893912201911634,-0.995475749428847,0.0,-0.9515044560494235,-0.6184241723034336,-0.5182958714183087,2.2642037664262107,-0.5977450432782618,-0.08317235690451562,-0.01182145745277722,-2.1225552368896374,0.11524337905907565,-0.864104660977467
1.654721760253482,-0.44893912201911634,1.1471384129584912,0.0,2.428082018685553,-0.11859521049471547,0.5659805983033934,-0.8433980631103881,2.5229498579926632,2.1338438541277283,0.7946168764167518,0.16242210614796881,0.11524337905907565,0.2645345676927406
1.7981045399229354,-0.44893912201911634,1.1471384129584912,0.0,2.428082018685553,0.5494005048197373,0.8164858516528902,-0.8382605980093284,2.5229498579926632,2.1338438541277283,0.7946168764167518,-1.252462448400385,-0.7832894745752507,0.7661520026572768
1.4378310988861296,-0.44893912201911634,1.1471384129584912,0.0,2.428082018685553,0.20606004974552658,0.9323912673817616,-0.9639873538341628,2.5229498579926632,2.1338438541277283,0.7946168764167518,-3.3433085361167736,0.3951142678959969,-0.29978504664236355
1.3567813269208802,-0.44893912201911634,1.1471384129584912,0.0,2.428082018685553,-1.870332226179472,1.1230743706776474,-1.0723257662400258,2.5229498579926632,2.1338438541277283,0.7946168764167518,-0.7076706823412833,-0.3413880711485329,-0.11167850853066193
3.561230886867907,-0.44893912201911634,1.1471384129584912,0.0,1.7068288076140634,-1.5012996282085511,1.265151977054974,-1.3944053091141524,2.5229498579926632,2.1338438541277283,0.7946168764167518,0.7010926164086494,2.3044965818689405,-1.8882402573633954
3.642607678465345,-0.44893912201911634,1.1471384129584912,0.0,1.7068288076140634,-1.8049340442605752,1.2240242488931163,-1.284316771234302,2.5229498579926632,2.1338438541277283,0.7946168764167518,0.7010926164086494,1.6213906624051395,-2.055446069018241
3.0347650468164917,-0.44893912201911634,1.1471384129584912,0.0,1.7068288076140634,-1.0505193028390059,1.152985445704453,-1.1723087408991106,2.5229498579926632,2.1338438541277283,0.7946168764167518,0.4850997332359429,0.9327609753985037,-1.3030199165714362
2.1819080654320633,-0.44893912201911634,1.1471384129584912,0.0,1.7068288076140634,-0.2610698211037422,0.6108472108436019,-1.0360812322303519,2.5229498579926632,2.1338438541277283,0.7946168764167518,-0.9184167748296372,1.2365681902543726,0.3899389264338743
3.894525208249151,-0.44893912201911634,1.1471384129584912,0.0,1.6347034865069145,0.07059238719923708,0.988474533057022,-1.2486932494895915,2.5229498579926632,2.1338438541277283,0.7946168764167518,0.7010926164086494,0.5755573409619068,-1.5747293605105601
3.9313098071886183,-0.44893912201911634,1.1471384129584912,0.0,1.6347034865069145,0.7199029076797212,1.2202853645147653,-1.2856717070851311,2.5229498579926632,2.1338438541277283,0.7946168764167518,0.27085578029135393,0.9346022312461153,-1.72103444570855
2.47775863892771,-0.44893912201911634,1.1471384129584912,0.0,1.6347034865069145,0.565750050299463,1.115596601920946,-1.3132785250457704,2.5229498579926632,2.1338438541277283,0.7946168764167518,0.7010926164086494,1.3488847969586633,-1.8464388044496842
3.3974860254129586,-0.44893912201911634,1.1471384129584912,0.0,1.6347034865069145,-0.9711072247946307,1.2240242488931163,-1.3377802816815936,2.5229498579926632,2.1338438541277283,0.7946168764167518,0.368795873066024,1.4501538685772863,-2.682467862723912
2.3726627046330906,-0.44893912201911634,1.1471384129584912,0.0,2.1189734996549143,0.13131927040964358,1.265151977054974,-1.1281039587658168,2.5229498579926632,2.1338438541277283,0.7946168764167518,0.5952823376074455,0.8370156713227148,-0.6132959434951989
2.257577342511459,-0.44893912201911634,1.1471384129584912,0.0,1.84077583252734,1.1496623888610484,1.1978520582446615,-0.9302833245447932,2.5229498579926632,2.1338438541277283,0.7946168764167518,-2.937556723193138,1.046918837950406,-1.2821191901145808
2.078242842028269,-0.44893912201911634,1.1471384129584912,0.0,1.84077583252734,0.31349992004085686,0.9585634580302166,-0.9229440886861366,2.5229498579926632,2.1338438541277283,0.7946168764167518,-0.3316506832956804,0.9622210689602849,-1.094012652002879
3.691839462154992,-0.44893912201911634,1.1471384129584912,0.0,1.84077583252734,2.873371612294848,1.2389797864065188,-0.8752390556048679,2.5229498579926632,2.1338438541277283,0.7946168764167518,-1.1379075184585838,0.8646345090368844,-0.7387003022363325
2.9525093899575463,-0.44893912201911634,1.1471384129584912,0.0,1.84077583252734,-0.19100034047635137,0.6818860140322653,-0.7257444667300763,2.5229498579926632,2.1338438541277283,0.7946168764167518,0.7010926164086494,0.4890183161241744,-0.2788843201855076
1.3643896430510185,-0.44893912201911634,1.1471384129584912,0.0,1.84077583252734,0.4980162190263193,0.8314413891662932,-0.810653780048689,2.5229498579926632,2.1338438541277283,0.7946168764167518,0.22276019901807764,0.479812036886118,-0.7596010286931886
2.8777802943206923,-0.44893912201911634,1.1471384129584912,0.0,1.84077583252734,0.36021290712578474,0.6295416327353553,-0.7162034601138225,2.5229498579926632,2.1338438541277283,0.7946168764167518,0.7010926164086494,0.35828915094377056,-0.383387952469786
2.4517503588052083,-0.44893912201911634,1.1471384129584912,0.0,1.84077583252734,0.8180001805580671,0.8875246548415536,-0.6782652562906124,2.5229498579926632,2.1338438541277283,0.7946168764167518,0.4317573612783091,-0.32297551267241975,-0.23708286727179637
3.4829710011397665,-0.44893912201911634,1.1471384129584912,0.0,1.243166029068107,0.10796277686717859,-0.028502017854367054,-0.5869199976805622,2.5229498579926632,2.1338438541277283,0.7946168764167518,0.7010926164086494,0.21651245067769864,0.013725850210471744
1.699421256228265,-0.44893912201911634,1.1471384129584912,0.0,0.47039473149151123,0.00986550398883266,0.6669304765188624,-0.5474010353647185,2.5229498579926632,2.1338438541277283,0.7946168764167518,0.7010926164086494,0.781777995894375,-0.29978504664236355
1.5408269539802875,-0.44893912201911634,1.1471384129584912,0.0,-0.02417889895750898,0.1546757639521065,0.9174357298683592,-0.5101967551273742,2.5229498579926632,2.1338438541277283,0.7946168764167518,0.5638015935013005,0.152068496011302,-0.36248722601293004
1.3008098729990958,-0.44893912201911634,1.1471384129584912,0.0,0.47039473149151123,0.640490829635346,0.3304308824672996,-0.6246888345224185,2.5229498579926632,2.1338438541277283,0.7946168764167518,0.39240643114563034,0.4264156173053894,0.3899389264338743
1.8517408692836228,-0.44893912201911634,1.1471384129584912,0.0,0.8207177197262346,1.9087484289911099,0.05375343846934785,-0.8299616159230012,2.5229498579926632,2.1338438541277283,0.7946168764167518,-1.2419688670316702,-0.07072346154966809,1.76938687258635
3.5935802820458163,-0.44893912201911634,1.1471384129584912,0.0,0.5116092006955963,-1.7185150181534607,1.093163295650842,-0.8881674018481939,2.5229498579926632,2.1338438541277283,0.7946168764167518,-3.1745367691032795,1.1224103277024704,-1.5747293605105601
1.9664634440007949,-0.44893912201911634,1.1471384129584912,0.0,0.8207177197262346,0.7502663492849234,1.025863376840529,-0.9584546991099447,2.5229498579926632,2.1338438541277283,0.7946168764167518,0.6407545235385406,1.2218381434734817,-0.9686082932617454
2.4532117277865515,-0.44893912201911634,1.1471384129584912,0.0,-0.02417889895750898,0.1850392055573087,-0.054674208502822036,-0.326772314321408,2.5229498579926632,2.1338438541277283,0.7946168764167518,0.7010926164086494,-0.24011899952990995,0.34813747352016305
2.394026284042163,-0.44893912201911634,1.1471384129584912,0.0,-0.02417889895750898,1.3715490775144503,0.32669199808894916,-0.3789938002387728,2.5229498579926632,2.1338438541277283,0.7946168764167518,0.3661724777238428,-0.7924957538133073,0.4944425587181527
2.4057683327104358,-0.44893912201911634,1.1471384129584912,0.0,-0.02417889895750898,2.0979360266850624,0.4052085700343136,-0.33445028414277184,2.5229498579926632,2.1338438541277283,0.7946168764167518,0.5594292679310018,-0.9269074306889341,0.7661520026572768
0.9174304510754623,-0.44893912201911634,1.1471384129584912,0.0,-0.02417889895750898,-0.9360724844809364,-0.9669619968203923,0.05379529278016738,2.5229498579926632,2.1338438541277283,0.7946168764167518,0.3530555010129515,-0.2990391866534724,0.09732875603789494
0.6927015378990886,-0.44893912201911634,1.1471384129584912,0.0,0.5013055833945751,-0.681486704868083,-0.907139846766781,-0.15751824428869418,2.5229498579926632,2.1338438541277283,0.7946168764167518,-1.5873825870851916,0.2386075208490344,-0.15347996144437315
1.354456421723289,-0.44893912201911634,1.1471384129584912,0.0,0.5013055833945751,0.34853466035455327,-0.5332514089317114,-0.006386441260817675,2.5229498579926632,2.1338438541277283,0.7946168764167518,-0.02296449803265636,-0.26957909309169115,-0.028075602703239482
2.3856310769220705,-0.44893912201911634,1.1471384129584912,0.0,0.5013055833945751,-0.11392391178622331,0.509897332628133,-0.258065775552291,2.5229498579926632,2.1338438541277283,0.7946168764167518,0.3320683382755215,0.5405734798572918,-0.4669908582972085
1.9482014414157616,-0.44893912201911634,1.1471384129584912,0.0,0.5013055833945751,-0.6020746268237078,-0.48464591201315216,-0.4802752550882354,2.5229498579926632,2.1338438541277283,0.7946168764167518,-0.057943102595036405,-0.10938983434950607,-0.15347996144437315
-0.44558737588672653,-0.44893912201911634,2.6536884148121698,0.0,0.7691996332211283,-1.6554524855888093,0.9922134174353731,-1.2319259183355835,-0.4491405241701225,2.4515691073011388,0.7370141382832153,0.5428144307638705,1.1076802809215793,-1.2821191901145808
-0.42897580050789497,-0.44893912201911634,2.6536884148121698,0.0,0.7691996332211283,-1.748878459758663,1.2015909426230118,-1.268904375931123,-0.4491405241701225,2.4515691073011388,0.7370141382832153,-3.920455511396074,2.1958624868598724,-2.995978759576747
-0.46864225995602465,-0.44893912201911634,2.6536884148121698,0.0,0.7691996332211283,-0.4198939771924946,1.2202853645147653,-1.2052788466026145,-0.4491405241701225,2.4515691073011388,0.7370141382832153,0.10733080396221752,1.109521536769191,-1.6165308134242717
-0.46579105753788,-0.44893912201911634,2.6536884148121698,0.0,0.7691996332211283,-0.4198939771924946,0.6482360546271089,-1.0687690596316,-0.4491405241701225,2.4515691073011388,0.7370141382832153,0.7010926164086494,0.24044877669664566,-0.2579835937286516
-0.43411614035136,-0.44893912201911634,-0.16718581065037216,0.0,0.5219128179966176,-1.0645331989644844,-0.4547348369863467,-0.9153225745252238,-0.15193148595384395,0.192189529179107,0.21858949508137335,0.7010926164086494,-0.006279506883271795,0.09732875603789494
-0.3798206620445423,-0.44893912201911634,-0.16718581065037216,0.0,0.5219128179966176,-0.5530259903845349,-0.8809676561183261,-0.9153225745252238,-0.15193148595384395,0.192189529179107,0.21858949508137335,0.7010926164086494,0.2846389170393175,0.6616483703729984
-0.4312138411156859,-0.44893912201911634,-0.16718581065037216,0.0,0.5219128179966176,-1.1509522250715989,-1.3969337003307225,-0.6799589261041487,-0.15193148595384395,0.192189529179107,0.21858949508137335,0.3854107102331553,1.0229825119314588,0.36903819997701903
-0.37469565124633614,-0.44893912201911634,-0.16718581065037216,0.0,0.5219128179966176,-1.8049340442605752,0.2519143105219352,-0.6799589261041487,-0.15193148595384395,0.192189529179107,0.21858949508137335,0.7010926164086494,1.6747870819858677,-0.3415864995560748
-0.38553839592609024,-0.44893912201911634,-0.16718581065037216,0.0,0.5219128179966176,-0.8613317051450533,0.16591996981986876,-0.6268341496195644,-0.15193148595384395,0.192189529179107,0.21858949508137335,0.7010926164086494,0.37854296526749504,-0.6341966699520541
-0.400489324735214,-0.44893912201911634,-0.16718581065037216,0.0,0.5219128179966176,-0.3358106004396252,-0.03224090223271807,-0.8998537235615935,-0.15193148595384395,0.192189529179107,0.21858949508137335,0.7010926164086494,0.16127477524935876,-0.028075602703239482
-0.4318065641990278,-0.44893912201911634,-0.16718581065037216,0.0,0.5219128179966176,-1.3868528098504793,0.2743476167920392,-0.9050476443231044,-0.15193148595384395,0.192189529179107,0.21858949508137335,0.6022780585199206,0.5626685500286275,-0.8014024816068998
-0.40802099563905825,-0.44893912201911634,-0.16718581065037216,0.0,0.5219128179966176,-0.31712540560565444,0.5061584482497825,-0.8495517300995694,-0.15193148595384395,0.192189529179107,0.21858949508137335,0.7010926164086494,0.42089184976255556,-0.9477075668048894
-0.4906700979929803,-0.44893912201911634,0.18288389932392668,0.0,0.39826941038436225,1.0048521288977745,0.1098367041446083,-0.8606170395480057,-0.8949540814945404,-0.6409566902533922,1.2554387814850552,0.2717302454054127,-0.4371333752243217,0.22273311477902863
-0.4995405055160967,-0.44893912201911634,0.18288389932392668,0.0,0.39826941038436225,-0.09991001566074473,0.3939919168992616,-0.9685038066702591,-0.8949540814945404,-0.6409566902533922,1.2554387814850552,0.7010926164086494,-0.5457674702333898,-0.15347996144437315
-0.4916256084807814,-0.44893912201911634,0.18288389932392668,0.0,0.39826941038436225,1.8994058315741236,0.9286523830034111,-1.0362505992117057,-0.8949540814945404,-0.6409566902533922,1.2554387814850552,0.7010926164086494,-1.1791594818116855,0.536244011631864
-0.46667503248113995,-0.44893912201911634,0.18288389932392668,0.0,0.39826941038436225,1.4743176491012884,0.8650913485714492,-0.911257766972737,-0.8949540814945404,-0.6409566902533922,1.2554387814850552,0.3994021520581053,-1.0244939906123343,0.13913020895160616
-0.49844703362096604,-0.44893912201911634,0.18288389932392668,0.0,0.39826941038436225,-0.31011845754291517,0.5472861764116399,-0.8457127451888876,-0.8949540814945404,-0.6409566902533922,1.2554387814850552,0.7010926164086494,-0.7667181719467488,-1.9718431631908182
